<?xml version="1.0" encoding="UTF-8"?>
<beans:beans xmlns="http://www.springframework.org/schema/security" 
    xmlns:beans="http://www.springframework.org/schema/beans" 
    xmlns:xsi="http://www.w3.org/2001/XMLSchema-instance" 
    xsi:schemaLocation="http://www.springframework.org/schema/beans http://www.springframework.org/schema/beans/spring-beans-3.2.xsd
        http://www.springframework.org/schema/security http://www.springframework.org/schema/security/spring-security-3.2.xsd">
    <!-- HTTP security configurations -->
    <http auto-config="true" use-expressions="true">
        <form-login login-processing-url="/resources/j_spring_security_check" login-page="/login" authentication-failure-url="/login?login_error=t" />
        <logout logout-success-url="/rootests" />
        <!-- Configure these elements to secure URIs in your application -->
        <intercept-url pattern="/choices/**" access="hasRole('ROLE_ADMIN')" />
        <intercept-url pattern="/member/**" access="isAuthenticated()" />
        <intercept-url pattern="/resources/**" access="permitAll" />
        <intercept-url pattern="/login/**" access="permitAll" />
        <intercept-url pattern="/**" access="isAuthenticated()" />
    </http>
    <!-- Configure Authentication mechanism -->
<!--     <authentication-manager alias="authenticationManager"> -->
<!--         <authentication-provider> -->
<!--             <user-service> -->
<!--                 <user name="admin" password="admin" authorities="ROLE_ADMIN" /> -->
<!--                 <user name="user" password="04f8996da763b7a969b1028ee3007569eaf3a635486ddab211d512c85b9df8fb" authorities="ROLE_USER" /> -->
<!--             </user-service> -->
<!--         </authentication-provider> -->
<!--     </authentication-manager> -->

	<authentication-manager>
	   <authentication-provider>
	   <password-encoder hash="sha" />
		<jdbc-user-service data-source-ref="dataSource"
 
		   users-by-username-query="
		      select username,password, enabled 
		      from users where username=?" 
 
		   authorities-by-username-query="
		      select u.username, ur.authority from users u, user_roles ur 
		      where u.user_id = ur.user_id and u.username =?  " 
 
		/>
	   </authentication-provider>
	</authentication-manager>
</beans:beans>